﻿<AML>
 <Item type="Method" id="0E9CB90C61844026B5F1507874946DB8" action="add">
  <execution_allowed_to keyed_name="World" type="Identity">A73B655731924CD0B027E4F4D5FCC0A9</execution_allowed_to>
  <method_code><![CDATA[//System.Diagnostics.Debugger.Break();
Innovator inn = this.getInnovator();
bool PermissionWasSet = false;
Aras.Server.Security.Identity plmIdentity = null;

try
{
	string query = this.getProperty("AMLquery");
	string setArasPLM = this.getProperty("ArasPLM");
	string user_id = this.getProperty("user_id", "");
	
	if (setArasPLM == "true")
	{
		plmIdentity = Aras.Server.Security.Identity.GetByName("Aras PLM");
		PermissionWasSet = Aras.Server.Security.Permissions.GrantIdentity(plmIdentity);
	}
	 
	Item result = inn.applyAML(query); 
	
	// Test for an error. 
	if (result.isError()) 
	{ 
		return inn.newResult(result.getErrorDetail()); 
	}
	else
	{ 
		return inn.newResult("Relationship Created"); 
	}
}
catch (Exception ex)
{
	return inn.newResult(ex.Message); 
}
finally
{
	// Revoke 'Aras PLM' permissions
	if (PermissionWasSet) Aras.Server.Security.Permissions.RevokeIdentity(plmIdentity);
}]]></method_code>
  <method_type>C#</method_type>
  <name>RelWiz - Run AML</name>
 </Item>
</AML>